texts,classes
As much as I wanted to love the box it came broken. The outside is gorgeous but the inside was another story. The top of the box has thin wood strip to seal it and 3 out of 4 of the sides were broken. Parts of the slats didn’t look good either. Returned it and bought from a different company.,drugstore
The app opens and immediately crashes. Can't watch one show. Horrible app!,other
I needed this for a project. The scroll came wrinkled and cracked. It also came without the water dish. Very disappointed.,home
Terrible fit in bust area; not flattering at all. Even more horrible experience with seller. Only buy if you already are familiar with dress and it’s fit on your body type. Otherwise avoid.,apparel
"The filter works GREAT.... once I fixed it!!!!! One of the lock down hinges came broken... I could tell that it was obviously broken from the manufacturer as the broken piece was packed under all the filter trays and the only way for it to get there was for some LAZY worker to throw it in after he tried to attach one of the hold down hinges and broke the support bracket. Luckily I am a very handy guy and epoxied it back together rather than send it back. I'm not one to blame the manufacturer for one man's lazy mistake... SHIT happens, but I was not happy when I unpacked it. The filter itself is VERY good!!",pet_products
There was no raspberry or half and half as described. Those are the two flavors we wanted the most. very disappointing.,grocery
This didn’t fit any steering wheel of any vehicle. What kind of car is this supposed to fit on?! I tried it on several vehicles and it didn’t fit anything,automotive
Item was not packaged AT ALL and came in with several BLACK scratch marks on it. Not happy with the purchase. May be returning. Do not buy.,home
"I don’t even want to give this one star, these are not plumeria seeds",lawn_and_garden
This product did not work after one use. I am very unhappy with it.,drugstore